Book Id,Title,Author,Author l-f,Additional Authors,ISBN,ISBN13,My Rating,Average Rating,Publisher,Binding,Number of Pages,Year Published,Original Publication Year,Date Read,Date Added,Bookshelves,Bookshelves with positions,Exclusive Shelf,My Review,Spoiler,Private Notes,Read Count,Owned Copies
8524528,The Conspiracy Against the Human Race,Thomas Ligotti,"Ligotti, Thomas",Ray Brassier,"=""098242969X""","=""9780982429693""",4,4.06,Hippocampus Press,Hardcover,240,2010,2011,2023/06/25,2023/06/25,,,read,,,,1,0
60018649,Afterlives,Abdulrazak Gurnah,"Gurnah, Abdulrazak",,"=""059354188X""","=""9780593541883""",3,3.80,Riverhead Books,Hardcover,309,2022,2020,2023/06/04,2023/06/04,,,read,,,,1,0
168646,Slaughterhouse-Five,Kurt Vonnegut Jr.,"Jr., Kurt Vonnegut",,"=""0440180295""","=""9780440180296""",5,4.09,Dell,Mass Market Paperback,215,1991,1969,2004/03/01,2010/09/20,,,read,,,,1,0
274186,The Remains of the Day,Kazuo Ishiguro,"Ishiguro, Kazuo",,"=""0679731725""","=""9780679731726""",4,4.14,Vintage Books,Paperback,245,1990,1989,2020/05/28,2020/05/28,,,read,,,,1,0
56269264,The Dawn of Everything: A New History of Humanity,David Graeber,"Graeber, David",David Wengrow,"=""0374157359""","=""9780374157357""",5,4.20,"Farrar, Straus and Giroux",Hardcover,692,2021,2021,2023/05/15,2023/05/15,,,read,,,,1,0
58470813,Scattered All Over the Earth,Yōko Tawada,"Tawada, Yōko",Margaret Mitsutani,"=""0811229289""","=""9780811229289""",5,3.39,New Directions,Paperback,256,2022,2018,2023/04/24,2023/04/24,,,read,,,,1,0
13641208,Tenth of December,George Saunders,"Saunders, George",,"=""0812993802""","=""9780812993806""",3,3.98,Random House,Hardcover,251,2013,2013,2023/01/21,2023/01/21,,,read,,,,1,0
25333047,Pond,Claire-Louise Bennett,"Bennett, Claire-Louise",,"=""1906539464""","=""9781906539467""",4,3.54,The Stinging Fly Press,Hardcover,148,2015,2015,2023/04/24,2023/04/24,,,read,,,,1,0
58386758,Checkout 19,Claire-Louise Bennett,"Bennett, Claire-Louise",,"=""0593420497""","=""9780593420492""",5,3.24,Riverhead Books,Hardcover,288,2022,2021,2023/03/27,2023/03/27,,,read,,,,1,0
1199688,Babel-17,Samuel R. Delany,"Delany, Samuel R.",,"=""0839823282""","=""9780839823285""",3,3.73,Gregg Press,Hardcover,192,1978,1966,2023/03/19,2023/03/19,,,read,,,,1,0
11455485,Satantango,László Krasznahorkai,"Krasznahorkai, László",George Szirtes,"=""0811217345""","=""9780811217347""",5,4.12,New Directions,Hardcover,274,2012,1985,2023/02/18,2023/02/18,,,read,,,,1,0
11991,The Fall,Albert Camus,"Camus, Albert",Justin O'Brien,"=""0679720227""","=""9780679720225""",5,4.04,Vintage Books,Paperback,147,1991,1956,2023/02/02,2023/02/02,,,read,,,,1,0
30375706,Things We Lost in the Fire,Mariana Enríquez,"Enríquez, Mariana",,"=""045149511X""","=""9780451495112""",5,4.07,Hogarth,Hardcover,192,2017,2016,2023/01/15,2023/01/15,,,read,,,,1,0
48845192,Good Economics for Hard Times : Better Answers to Our Biggest Problems,Abhijit V. Banerjee,"Banerjee, Abhijit V.",Esther Duflo,"=""9353450705""","=""9789353450700""",5,4.24,Juggernaut,Hardcover,416,2019,2019,2021/05/25,2021/04/22,,,read,,,,1,0
7791929,The Box: Tales from the Darkroom,Günter Grass,"Grass, Günter",Krishna Winston,"=""0547245033""","=""9780547245034""",4,3.15,Houghton Mifflin Harcourt,Hardcover,194,2010,2008,2023/01/09,2023/01/09,,,read,,,,1,0
58890783,Either/Or,Elif Batuman,"Batuman, Elif",,"=""0525557598""","=""9780525557593""",3,4.08,Penguin Press,Hardcover,368,2022,2022,2022/11/01,2022/11/01,,,read,,,,1,0
52222275,Exhalation,Ted Chiang,"Chiang, Ted",,"=""1101947888""","=""9781101947883""",5,4.28,Alfred A. Knopf,Hardcover,350,2019,2019,2020/05/11,2020/04/09,,,read,,,,1,0
2909769,The Reader,Bernhard Schlink,"Schlink, Bernhard",,"=""0307454894""","=""9780307454898""",3,3.77,Vintage,Paperback,218,2008,1995,2022/02/04,2022/02/05,,,read,,,,1,0
17879,Crime and Punishment,Fyodor Dostoevsky,"Dostoevsky, Fyodor","Richard Pevear, Larissa Volokhonsky","=""0679420290""","=""9780679420293""",5,4.26,Random House,Hardcover,564,1993,1866,2020/01/01,2020/04/09,,,read,,,,1,0
8585893,Murphy,Samuel Beckett,"Beckett, Samuel",,"=""0802144454""","=""9780802144454""",4,3.83,Grove Press,Paperback,170,2011,1938,2019/11/01,2020/04/09,,,read,,,,1,0
40537082,"Children of Time (Children of Time, #1)",Adrian Tchaikovsky,"Tchaikovsky, Adrian",,"=""0316452505""","=""9780316452502""",5,4.30,Orbit,Paperback,600,2018,2015,2019/12/01,2020/04/09,,,read,,,,1,0
9653,If on a Winter's Night a Traveler,Italo Calvino,"Calvino, Italo","William Weaver, Peter Washington","=""0679420258""","=""9780679420255""",4,4.04,Everyman's Library,Hardcover,254,1993,1979,2019/10/01,2020/04/09,,,read,,,,1,0
39709676,"The Dark Forest (The Three-Body Problem Series, 2)",Liu Cixin,"Cixin, Liu",Joel Martinsen,"=""076537708X""","=""9780765377081""",5,4.41,Tor Books,Hardcover,512,2015,2008,2020/01/01,2020/04/09,,,read,,,,1,0
15700179,Empire of the Sun,J.G. Ballard,"Ballard, J.G.",,"=""0743265238""","=""""",4,3.98,Simon & Schuster,Paperback,279,2005,1984,2020/04/17,2020/04/18,,,read,,,,1,0
17692,The Trial,Franz Kafka,"Kafka, Franz",Breon Mitchell,"=""0805209999""","=""9780805209990""",5,3.96,Schocken Books,Paperback,276,1999,1925,2020/02/01,2020/04/09,,,read,,,,1,0
28503870,Stories of Your Life and Others,Ted Chiang,"Chiang, Ted",,"=""1101972122""","=""9781101972120""",5,4.26,Vintage,Paperback,286,2016,2002,2020/03/10,2020/04/09,,,read,,,,1,0
57088641,The Plague,Albert Camus,"Camus, Albert",Laura Marris,"=""0593318668""","=""9780593318669""",3,4.02,Knopf,Hardcover,352,2021,1947,2020/04/07,2020/04/09,,,read,,,,1,0
2763253,The unnamable,Samuel Beckett,"Beckett, Samuel",,"=""071450825X""","=""9780714508252""",5,4.00,Calder and Boyars,Hardcover,132,1975,1953,2020/05/31,2020/05/31,,,read,,,,1,0
1034389,The Unconsoled,Kazuo Ishiguro,"Ishiguro, Kazuo",,"=""0679404252""","=""9780679404255""",4,3.58,Knopf,Hardcover,535,1995,1995,2020/06/06,2020/06/06,,,read,,,,1,0
49455,Notes from Underground,Fyodor Dostoevsky,"Dostoevsky, Fyodor","Richard Pevear, Larissa Volokhonsky, Donald Fanger","=""067973452X""","=""9780679734529""",5,4.18,Vintage Classics,Paperback,136,1994,1864,2020/05/07,2020/05/07,,,read,,,,1,0
41716930,"Children of Ruin (Children of Time, #2)",Adrian Tchaikovsky,"Tchaikovsky, Adrian",,"=""031645253X""","=""9780316452533""",4,4.06,Orbit,Paperback,597,2019,2019,2020/05/24,2020/05/24,,,read,,,,1,0
34314712,"The Fifth Season (The Broken Earth, #1)",N.K. Jemisin,"Jemisin, N.K.",,"=""0316229296""","=""9780316229296""",4,4.31,Orbit,Paperback,468,2015,2015,2020/08/14,2020/08/17,,,read,,,,1,0
28118494,"The Obelisk Gate (The Broken Earth, #2)",N.K. Jemisin,"Jemisin, N.K.",,"=""0316229261""","=""9780316229265""",3,4.31,Orbit,Paperback,413,2016,2016,2020/09/23,2020/09/23,,,read,,,,1,0
3084798,True West,Sam Shepard,"Shepard, Sam",,"=""057111833X""","=""9780571118335""",3,3.67,Faber and Faber,Paperback,63,1981,1981,2020/10/14,2020/10/14,,,read,,,,1,0
435764,Eichmann in Jerusalem: A Report on the Banality of Evil,Hannah Arendt,"Arendt, Hannah",,"=""0140187650""","=""9780140187656""",5,4.20,Penguin Classics,Paperback,312,1994,1963,2020/09/24,2020/09/28,,,read,,,,1,0
33296259,"The Stone Sky (The Broken Earth, #3)",N.K. Jemisin,"Jemisin, N.K.",,"=""0316229245""","=""9780316229241""",3,4.35,Orbit,Paperback,416,2017,2017,2021/01/14,2021/01/14,,,read,,,,1,0
54120408,Klara and the Sun,Kazuo Ishiguro,"Ishiguro, Kazuo",,"=""059331817X""","=""9780593318171""",4,3.76,Alfred A. Knopf,Hardcover,303,2021,2021,2021/04/10,2021/04/14,,,read,,,,1,0
25816990,Sapiens: A Brief History of Humankind,Yuval Noah Harari,"Harari, Yuval Noah","John  Purcell, Haim Watzman","=""0062316117""","=""9780062316110""",4,4.37,Harper Perennial,Paperback,464,2018,2011,2021/07/20,2021/07/29,,,read,,,,2,0
30363345,Homo Deus: A Brief History of Tomorrow,Yuval Noah Harari,"Harari, Yuval Noah",,"=""0062464310""","=""9780062464316""",4,4.22,Harper,Hardcover,449,2017,2015,2021/11/20,2021/12/03,,,read,,,,1,0
32337898,You Should Have Left,Daniel Kehlmann,"Kehlmann, Daniel",Ross Benjamin,"=""110187192X""","=""9781101871928""",3,3.50,Pantheon,Hardcover,114,2017,2016,2021/03/05,2021/03/17,,,read,,,,1,0
41093489,This Is How You Lose the Time War,Amal El-Mohtar,"El-Mohtar, Amal",Max Gladstone,"=""1534431004""","=""9781534431003""",2,3.95,Gallery / Saga Press,Hardcover,198,2019,2019,,2022/08/29,,,read,,,,1,0
58350424,Disorientation,Elaine Hsieh Chou,"Chou, Elaine Hsieh",,"=""0593298357""","=""9780593298350""",3,3.88,Penguin Press,Hardcover,403,2022,2022,,2022/12/15,,,read,,,,1,0
3181564,The Housekeeper and the Professor,Yōko Ogawa,"Ogawa, Yōko",Stephen Snyder,"=""0312427808""","=""9780312427801""",5,4.05,Picador,Paperback,180,2009,2003,,2022/11/20,,,read,,,,1,0
11297,Norwegian Wood,Haruki Murakami,"Murakami, Haruki",Jay Rubin,"=""0375704027""","=""9780375704024""",2,4.02,Vintage Books,Paperback,296,2000,1987,,2022/06/16,,,read,,,,1,0
30962053,The Idiot,Elif Batuman,"Batuman, Elif",,"=""1594205612""","=""9781594205613""",3,3.68,Penguin Press,Hardcover,423,2017,2017,,2022/07/18,,,read,,,,1,0
24292310,Two Years Eight Months and Twenty-Eight Nights,Salman Rushdie,"Rushdie, Salman",,"=""081299891X""","=""9780812998917""",4,3.38,Random House,Hardcover,304,2015,2015,,2022/07/07,,,read,,,,1,0
343,Perfume: The Story of a Murderer,Patrick Süskind,"Süskind, Patrick",John E. Woods,"=""0140120831""","=""9780140120837""",4,4.03,Penguin Books,Paperback,263,1987,1985,,2022/06/07,,,read,,,,1,0
54614599,First Person Singular: Stories,Haruki Murakami,"Murakami, Haruki",Philip Gabriel,"=""0593318072""","=""9780593318072""",4,3.55,Knopf,Hardcover,245,2021,2020,,2022/05/30,,,read,,,,1,0
51155778,Civilizations,Laurent Binet,"Binet, Laurent",,"=""""","=""9782246813101""",4,3.67,Grasset,ebook,384,2019,2019,,2022/05/24,,,read,,,,1,0
35407631,The Emissary,Yōko Tawada,"Tawada, Yōko",Margaret Mitsutani,"=""0811227626""","=""9780811227629""",4,3.47,New Directions,Paperback,138,2018,2014,,2022/05/09,,,read,,,,1,0
53215250,The Dangers of Smoking in Bed,Mariana Enríquez,"Enríquez, Mariana",Megan McDowell,"=""0593134079""","=""9780593134078""",5,3.84,Hogarth Press,Hardcover,208,2021,2009,,2022/05/04,,,read,,,,1,0
140987,Air Guitar: Essays on Art & Democracy,Dave Hickey,"Hickey, Dave",,"=""0963726455""","=""9780963726452""",0,4.08,Art Issues Press,Paperback,208,1997,1997,,2022/03/24,to-read,to-read (#7),to-read,,,,0,0
55994371,China Room,Sunjeev Sahota,"Sahota, Sunjeev",,"=""0593298144""","=""9780593298145""",4,3.79,Viking,Hardcover,256,2021,2021,2022/03/07,2022/03/07,,,read,,,,1,0
36378795,"Wait, Blink",Gunnhild Øyehaug,"Øyehaug, Gunnhild",Kari Dickson,"=""0374285896""","=""9780374285890""",4,3.49,"Farrar, Straus and Giroux",Hardcover,256,2018,2008,2022/02/10,2022/02/10,,,read,,,,1,0
36031246,The Seventh Function of Language,Laurent Binet,"Binet, Laurent",Sam Taylor,"=""1250181682""","=""9781250181688""",5,3.76,Picador,Paperback,368,2018,2015,2022/01/26,2022/01/26,,,read,,,,1,0
19288090,F,Daniel Kehlmann,"Kehlmann, Daniel",Carol Janeway,"=""0307911810""","=""9780307911810""",5,3.67,Pantheon,Hardcover,272,2014,2013,2021/12/18,2021/12/24,,,read,,,,1,0
43015136,Sad by Design: On Platform Nihilism (Digital Barricades),Geert Lovink,"Lovink, Geert",,"=""0745339344""","=""9780745339344""",5,3.79,Pluto Press,Paperback,192,2019,2019,2021/12/31,2021/12/03,,,read,,,,1,0
23885,No One Writes to the Colonel and Other Stories,Gabriel García Márquez,"Márquez, Gabriel García",J.S. Bernstein,"=""0060751576""","=""9780060751579""",3,3.88,Harper Perennial,Paperback,170,2005,1961,2021/12/19,2021/12/21,,,read,,,,1,0
5698,The Double and The Gambler,Fyodor Dostoevsky,"Dostoevsky, Fyodor","Richard Pevear, Larissa Volokhonsky","=""0375719016""","=""9780375719011""",5,4.15,Vintage Classics,Paperback,344,2007,1846,2021/12/21,2021/12/21,,,read,,,,1,0
31931,Theory and Reality: An Introduction to the Philosophy of Science (Science and Its Conceptual Foundations series),Peter Godfrey-Smith,"Godfrey-Smith, Peter",,"=""0226300633""","=""9780226300634""",0,3.94,University of Chicago Press,Paperback,272,2003,2003,,2020/10/05,currently-reading,currently-reading (#1),currently-reading,,,,1,0
6763725,Capitalist Realism: Is There No Alternative?,Mark Fisher,"Fisher, Mark",,"=""1846943175""","=""9781846943171""",5,4.23,Zero Books,Paperback,81,2009,2009,2021/01/16,2021/01/19,,,read,,,,1,0
88941,A Thousand Years of Nonlinear History,Manuel de Landa,"Landa, Manuel de",,"=""0942299329""","=""9780942299328""",4,4.17,Zone Books,Paperback,333,2000,1997,2012/11/04,2021/01/04,,,read,,,,1,0
37004370,The Memory Police,Yōko Ogawa,"Ogawa, Yōko",Stephen Snyder,"=""1101870605""","=""9781101870600""",5,3.74,Pantheon,Hardcover,274,2019,1994,2021/01/03,2020/05/23,,,read,,,,1,0
24885533,The Paper Menagerie and Other Stories,Ken Liu,"Liu, Ken",,"=""1481442546""","=""9781481442541""",4,4.37,Gallery / Saga Press,Hardcover,450,2016,2016,2020/12/12,2020/04/14,,,read,,,,1,0
31450747,Knots: Stories,Gunnhild Øyehaug,"Øyehaug, Gunnhild",Kari Dickson,"=""0374181675""","=""9780374181673""",5,3.52,"Farrar, Straus and Giroux",Hardcover,165,2017,2004,2020/11/27,2020/11/29,,,read,,,,1,0
42983724,Drive Your Plow Over the Bones of the Dead,Olga Tokarczuk,"Tokarczuk, Olga",Antonia Lloyd-Jones,"=""0525541330""","=""9780525541332""",4,3.96,Riverhead Books,Hardcover,274,2019,2009,2020/10/25,2020/05/26,,,read,,,,1,0
28116739,"Other Minds: The Octopus, the Sea, and the Deep Origins of Consciousness",Peter Godfrey-Smith,"Godfrey-Smith, Peter",,"=""0374227764""","=""9780374227760""",5,3.88,"Farrar, Straus and Giroux",Hardcover,257,2016,2016,2020/10/05,2020/10/06,,,read,,,,1,0
36442813,The Order of Time,Carlo Rovelli,"Rovelli, Carlo",,"=""073521610X""","=""9780735216105""",5,4.12,Riverhead Books,Hardcover,240,2018,2017,2020/09/27,2020/09/28,,,read,,,,1,0
12137,Buried Child,Sam Shepard,"Shepard, Sam",,"=""0307274977""","=""9780307274977""",4,3.86,Vintage,Paperback,120,2006,1979,2020/08/28,2020/08/28,,,read,,,,1,0
36130507,Tyll,Daniel Kehlmann,"Kehlmann, Daniel",,"=""3498035673""","=""9783498035679""",4,3.94,Rowohlt,Hardcover,474,2017,2017,2020/08/24,2020/08/27,,,read,,,,1,0
153747,"Moby-Dick or, the Whale",Herman Melville,"Melville, Herman","Andrew Delbanco, Tom Quirk, William Hootkins, Rockwell Kent, Anton Lomaev","=""0142437247""","=""9780142437247""",5,3.53,"Penguin Classics ",Paperback,654,2003,1851,2020/08/20,2020/08/20,,,read,,,,1,0
69091,The Clown,Heinrich Böll,"Böll, Heinrich","Leila Vennewitz, Laureano Xoaquín Araujo Cardalda","=""014018726X""","=""9780140187267""",4,3.95,Penguin Group USA,Paperback,272,1994,1963,2002/09/01,2007/11/04,,,read,,,,1,0
5107,The Catcher in the Rye,J.D. Salinger,"Salinger, J.D.",,"=""0316769177""","=""9780316769174""",2,3.80,Back Bay Books,Paperback,277,2001,1951,2002/03/01,2007/11/03,,,read,,,,1,0
27558,Group Portrait with Lady,Heinrich Böll,"Böll, Heinrich",Leila Vennewitz,"=""0140187278""","=""9780140187274""",4,3.92,Penguin,Paperback,416,1994,1971,2002/09/01,2007/11/16,,,read,,,,1,0
2794,The Crying of Lot 49,Thomas Pynchon,"Pynchon, Thomas",,"=""006091307X""","=""9780060913076""",3,3.69,Harper Perennial Modern Classics,Paperback,152,2006,1966,2020/03/26,2020/05/26,,,read,,,,1,0
101696,"Being-in-the-World: A Commentary on Heidegger's Being and Time, Division I",Hubert L. Dreyfus,"Dreyfus, Hubert L.",,"=""0262540568""","=""9780262540568""",4,4.17,The MIT Press,Paperback,384,1990,1990,2008/02/08,2007/11/03,,,read,,,,1,0
7401445,Critical Terms for Media Studies,W.J. Thomas Mitchell,"Mitchell, W.J. Thomas",Mark B.N. Hansen,"=""0226532550""","=""9780226532554""",4,4.11,University of Chicago Press,Paperback,376,2010,2010,2011/06/01,2020/04/06,,,read,,,,1,0
36885304,Flights,Olga Tokarczuk,"Tokarczuk, Olga",Jennifer  Croft,"=""0525534199""","=""9780525534198""",5,3.76,Riverhead Books,Hardcover,416,2018,2007,2020/05/16,2020/05/16,,,read,,,,1,0
3172632,The Journey of the Fifth Horse,Ronald Ribman,"Ribman, Ronald",,"=""0706700856""","=""9780706700855""",4,3.81,,,,,2004,2007/10/01,2010/05/03,,,read,,,,1,0
9516,"Persepolis: The Story of a Childhood (Persepolis, #1)",Marjane Satrapi,"Satrapi, Marjane",Mattias Ripa,"=""037571457X""","=""9780375714573""",2,4.26,Pantheon,Paperback,153,2004,2003,2006/11/01,2007/11/03,,,read,,,,1,0
17910,Travesties,Tom Stoppard,"Stoppard, Tom",,"=""0802150896""","=""9780802150899""",5,3.95,Grove Press,Paperback,96,1994,1975,2013/08/01,2020/05/05,,,read,,,,1,0
28382,Diary of a Madman and Other Stories,Nikolai Gogol,"Gogol, Nikolai",,"=""0486452352""","=""9780486452357""",5,4.12,Dover Publications,Paperback,84,2006,1842,2007/11/16,2007/11/03,,,read,,,,1,0
27896,Plays 1: Offending the Audience / Self-Accusation / Kaspar / My Foot My Tutor / The Ride Across Lake Constance / They are Dying Out,Peter Handke,"Handke, Peter",Tom Kuhn,"=""0413680908""","=""9780413680907""",0,4.05,A&C Black,Paperback,320,2003,2003,,2020/05/05,to-read,to-read (#6),to-read,,,,0,0
17904,The Coast of Utopia (Box Set),Tom Stoppard,"Stoppard, Tom",,"=""0802140033""","=""9780802140036""",0,3.97,Grove Press,Hardcover,384,2003,2002,,2020/05/05,to-read,to-read (#5),to-read,,,,0,0
384597,Arcadia,Tom Stoppard,"Stoppard, Tom",,"=""0571169341""","=""9780571169344""",5,4.14,Faber & Faber,Paperback,144,1994,1993,2009/07/01,2020/05/05,,,read,,,,1,0
59780,Cosmicomics,Italo Calvino,"Calvino, Italo",William Weaver,"=""0156226006""","=""9780156226004""",4,4.17,Mariner Books,Paperback,153,1976,1965,2002/05/01,2020/05/05,,,read,,,,1,0
35915437,Why Marx Was Right,Terry Eagleton,"Eagleton, Terry",,"=""0300231067""","=""9780300231069""",3,3.89,Yale University Press,Paperback,280,2018,2011,2020/05/05,2020/05/05,,,read,,,,1,0
34466691,"Ironclads (Terrible Worlds: Revolutions, #1)",Adrian Tchaikovsky,"Tchaikovsky, Adrian",,"=""1781085684""","=""9781781085684""",2,3.62,Solaris,Hardcover,160,2017,2017,2020/05/04,2020/05/04,,,read,,,,1,0
30474,The Communist Manifesto,Karl Marx,"Marx, Karl","Friedrich Engels, Leon Trotsky, Samuel Moore, Erkin Özalp, Amanda Lee, Antonio Carlos Braga, Aldrin Alexander Evies, Oqtay Eloğlu","=""0140447571""","=""9780140447576""",3,3.64,Penguin Books,Paperback,288,2002,1848,2020/05/01,2020/05/01,,,read,,,,1,0
21395614,The Best Tales of Edgar Allen Poe,Edgar Allan Poe,"Poe, Edgar Allan",,"=""""","=""""",4,4.22,Random House,Hardcover,476,1924,1833,2020/05/02,2020/05/03,,,read,,,,1,0
32758901,"All Systems Red (The Murderbot Diaries, #1)",Martha Wells,"Wells, Martha",,"=""""","=""""",3,4.16,Tor.com,ebook,144,2017,2017,2020/04/30,2020/04/30,,,read,,,,1,0
223379,The Merchant and the Alchemist's Gate,Ted Chiang,"Chiang, Ted",,"=""1596061006""","=""9781596061002""",5,4.37,Subterranean Press,Hardcover,60,2007,2007,2020/04/29,2020/04/09,,,read,,,,1,0
11012,Dubliners,James Joyce,"Joyce, James","Terence Brown, Jeri Johnson","=""0192839993""","=""9780192839992""",4,3.84,Oxford University Press,Paperback,207,2001,1914,2020/04/27,2020/04/27,,,read,,,,1,0
29082608,The Last Wolf / Herman,László Krasznahorkai,"Krasznahorkai, László","John Batki, George Szirtes","=""0811226085""","=""9780811226080""",0,3.98,New Directions,Hardcover,128,2016,2016,,2020/04/25,to-read,to-read (#4),to-read,,,,0,0
16631,Steppenwolf,Hermann Hesse,"Hesse, Hermann",Basil Creighton,"=""0140282580""","=""9780140282580""",4,4.13,Penguin,Paperback,256,1999,1927,2017/07/01,2020/04/25,,,read,,,,1,0
254308,Oblomov,Ivan Goncharov,"Goncharov, Ivan","Galya Diment, Stephen Pearl","=""1933480092""","=""9781933480091""",0,4.11,Bunim & Bannigan Ltd,Paperback,586,2006,1859,,2020/04/25,to-read,to-read (#3),to-read,,,,0,0
54042,Malone Dies,Samuel Beckett,"Beckett, Samuel",,"=""0802151175""","=""9780802151179""",5,3.85,Grove Pr,Paperback,127,1978,1951,2020/04/20,2020/04/21,,,read,,,,1,0
595358,The Physicists,Friedrich Dürrenmatt,"Dürrenmatt, Friedrich",James Kirkup,"=""0802150888""","=""9780802150882""",5,3.91,Grove Press,Paperback,96,1994,1962,2010/04/01,2010/05/12,,,read,,,,1,0
25451264,"Death's End (Remembrance of Earth’s Past, #3)",Liu Cixin,"Cixin, Liu",Ken Liu,"=""0765377101""","=""9780765377104""",4,4.43,TOR,Hardcover,604,2016,2010,2020/02/01,2020/04/09,,,read,,,,1,0
426695,The Fold: Leibniz and the Baroque,Gilles Deleuze,"Deleuze, Gilles",,"=""0816616019""","=""9780816616015""",5,4.15,University of Minnesota Press,Paperback,192,1993,1988,2012/06/01,2020/04/12,,,read,,,,1,0
249392,Earth Moves: The Furnishing of Territories (Writing Architecture),Bernard Cache,"Cache, Bernard",Michael Speaks,"=""0262531305""","=""9780262531306""",4,4.07,The MIT Press,Paperback,175,1995,1995,2012/03/01,2012/05/17,,,read,,,,1,0
26114545,"Too Like the Lightning (Terra Ignota, #1)",Ada Palmer,"Palmer, Ada",,"=""0765378000""","=""9780765378002""",3,3.81,Tor Books,Hardcover,432,2016,2016,2020/04/13,2020/04/12,,,read,,,,1,0
16380263,Krapp's Last Tape and Not I,Samuel Beckett,"Beckett, Samuel","Jim Norton, John Moffatt, Juliet Stevenson, Peter Marinker","=""9629546809""","=""9789629546809""",5,3.90,Naxos Audiobooks,Audio,,2006,2006,2018/11/01,2020/04/09,,,read,,,,1,0
210255,Against Nature,Joris-Karl Huysmans,"Huysmans, Joris-Karl","Patrick McGuiness, Robert Baldick","=""0140447636""","=""9780140447637""",3,3.82,Penguin Classics,Paperback,242,2004,1884,2018/12/01,2020/04/09,,,read,,,,1,0
20518872,"The Three-Body Problem (Remembrance of Earth’s Past, #1)",Cixin Liu,"Liu, Cixin",Ken Liu,"=""""","=""""",5,4.09,Tor Books,Hardcover,399,2014,2006,2019/07/01,2020/04/09,,,read,,,,1,0
12331767,High-Rise,J.G. Ballard,"Ballard, J.G.",,"=""0871404028""","=""9780871404022""",5,3.61,Liveright,Paperback,208,2012,1975,2019/03/01,2020/04/09,,,read,,,,2,0
17914,The Real Thing,Tom Stoppard,"Stoppard, Tom",,"=""0571125298""","=""9780571125296""",4,3.92,"Farrar, Straus and Giroux",Paperback,81,1984,1982,2019/02/01,2020/04/09,,,read,,,,1,0
446542,Molloy,Samuel Beckett,"Beckett, Samuel",Patrick Bowles,"=""0802151361""","=""9780802151360""",5,4.04,Grove Press,Paperback,241,1994,1951,2019/09/01,2020/04/09,,,read,,,,1,0
9998,The Woman in the Dunes,Kōbō Abe,"Abe, Kōbō",,"=""0679733787""","=""9780679733782""",5,3.90,Vintage,Paperback,241,1991,1962,2020/03/01,2020/04/06,,,read,,,,1,0
12505,The Idiot,Fyodor Dostoevsky,"Dostoevsky, Fyodor","Anna Brailovsky, Joseph Frank, Constance Garnett","=""0679642420""","=""9780679642428""",5,4.20,Modern Library,Paperback,667,2003,1869,2019/10/01,2010/08/06,,,read,,,,1,0
2810441,"Chaos, Territory, Art: Deleuze and the Framing of the Earth (The Wellek Library Lectures)",Elizabeth Grosz,"Grosz, Elizabeth",,"=""0231145187""","=""9780231145183""",4,4.11,Columbia University Press,Hardcover,136,2008,2008,2012/03/01,2012/12/16,,,read,,,,1,0
1065453,The Exploit: A Theory of Networks (Volume 21) (Electronic Mediations),Alexander R. Galloway,"Galloway, Alexander R.",Eugene Thacker,"=""0816650446""","=""9780816650446""",5,3.86,Univ Of Minnesota Press,Paperback,196,2007,2007,2011/02/01,2020/04/06,,,read,,,,1,0
12051750,Dead Souls,Nikolai Gogol,"Gogol, Nikolai","Richard Pevear, Larissa Volokhonsky","=""""","=""""",5,3.98,Vintage,Kindle Edition,432,2011,1842,2018/10/01,2020/04/06,,,read,,,,1,0
3754136,On Waiting,Harold Schweizer,"Schweizer, Harold",,"=""0415775078""","=""9780415775076""",5,3.59,Routledge,Paperback,152,2008,2008,2009/09/01,2020/04/06,,,read,,,,1,0
160149,The Call of Cthulhu and Other Weird Stories,H.P. Lovecraft,"Lovecraft, H.P.",S.T. Joshi,"=""0141182342""","=""9780141182346""",5,4.17,Penguin Classics,Paperback,420,1999,1926,2020/04/04,2020/04/06,,,read,,,,1,0
15931704,The Interface Effect,Alexander R. Galloway,"Galloway, Alexander R.",,"=""0745662536""","=""9780745662534""",5,3.71,Polity,Paperback,182,2012,2012,2011/08/01,2020/04/06,,,read,,,,1,0
15094457,A Short History of Decay,Emil M. Cioran,"Cioran, Emil M.",Richard Howard,"=""161145736X""","=""9781611457360""",5,4.22,Arcade,Paperback,200,2012,1949,2012/01/01,2020/04/06,,,read,,,,1,0
17927,"Tom Stoppard: A Faber Critical Guide: Rosencrantz and Guildenstern Are Dead, Jumpers, Travesties, Arcadia (Faber Critical Guides)",Jim Hunter,"Hunter, Jim",,"=""0571197825""","=""9780571197828""",5,3.69,"Farrar, Straus and Giroux",Mass Market Paperback,256,2000,2000,,2020/04/06,,,read,,,,1,0
764790,On Kierkegaard (Wadsworth Philosophers Sereis),Susan Leigh Anderson,"Anderson, Susan Leigh",,"=""053457601X""","=""9780534576011""",3,3.96,Cengage Learning,Paperback,83,1999,1999,2007/10/01,2008/05/29,,,read,,,,1,0
497164,Camera Lucida: Reflections on Photography,Roland Barthes,"Barthes, Roland",,"=""0374521344""","=""9780374521349""",3,3.99,Hill & Wang Pub,Paperback,119,1982,1980,2011/10/12,2012/05/17,,,read,,,,1,0
9599272,Insect Media: An Archaeology of Animals and Technology (Volume 11) (Posthumanities),Jussi Parikka,"Parikka, Jussi",,"=""0816667403""","=""9780816667406""",3,3.74,Univ Of Minnesota Press,Paperback,320,2010,2010,2011/11/01,2012/05/17,,,read,,,,1,0
865540,Matter and Memory,Henri Bergson,"Bergson, Henri","N.M. Paul, W.S. Palmer","=""0942299051""","=""9780942299052""",5,4.11,Zone Books (NYC),Paperback,286,1990,1896,2011/10/12,2012/05/17,,,read,,,,1,0
822361,Zorba the Greek,Nikos Kazantzakis,"Kazantzakis, Nikos",,"=""0684825546""","=""9780684825540""",5,4.05,Scribner,Paperback,320,1996,1946,2004/06/01,2010/09/20,,,read,,,,1,0
1573373,Demian: The Story of Emil Sinclair's Youth,Hermann Hesse,"Hesse, Hermann","Michael Roloff, Michael Lebeck","=""0553262467""","=""9780553262469""",5,4.14,Bantam Books (NY),Mass Market Paperback,142,1981,1919,2010/06/04,2010/09/20,,,read,,,,1,0
17716,Waiting for Godot,Samuel Beckett,"Beckett, Samuel",,"=""""","=""""",5,3.84,Grove,Paperback,109,2011,1952,2010/06/20,2010/06/21,,,read,,,,1,0
2446828,Literary Theory: An Introduction,Terry Eagleton,"Eagleton, Terry",,"=""0816654476""","=""9780816654475""",5,3.94,University of Minnesota Press,Paperback,234,2008,1983,2010/07/09,2010/06/04,,,read,,,,1,0
5113,Franny and Zooey,J.D. Salinger,"Salinger, J.D.",,"=""0316769029""","=""9780316769020""",3,3.96,Back Bay Books,Paperback,201,2001,1957,2002/03/01,2007/11/03,,,read,,,,1,0
971670,Diary of a Superfluous Man,Ivan Turgenev,"Turgenev, Ivan",David Patterson,"=""0393319202""","=""9780393319200""",3,3.84,W.W. Norton & Company,Paperback,80,1999,1850,2010/05/04,2010/05/03,,,read,,,,1,0
69880,The Lost Honor of Katharina Blum,Heinrich Böll,"Böll, Heinrich",Leila Vennewitz,"=""0140187286""","=""9780140187281""",3,3.68,Penguin Classics,Paperback,140,1994,1974,2004/01/01,2010/05/03,,,read,,,,1,0
94597,The Caucasian Chalk Circle,Bertolt Brecht,"Brecht, Bertolt",Eric Bentley,"=""0816635285""","=""9780816635283""",3,3.75,Univ Of Minnesota Press,Paperback,136,1999,1945,2010/03/12,2010/03/16,,,read,,,,1,0
859500,Translations,Brian Friel,"Friel, Brian",,"=""0571117422""","=""9780571117420""",5,3.83,Faber  Faber,Paperback,91,1995,1981,2009/10/15,2009/10/15,,,read,,,,1,0
435488,Copenhagen,Michael Frayn,"Frayn, Michael",,"=""0385720793""","=""9780385720793""",4,3.91,Anchor,Paperback,132,2000,1998,2009/03/01,2009/09/30,,,read,,,,1,0
196859,Dancing at Lughnasa,Brian Friel,"Friel, Brian",,"=""0571144799""","=""9780571144792""",3,3.71,Faber  Faber,Paperback,80,1998,1990,2009/09/19,2009/09/30,,,read,,,,1,0
489312,Molly Sweeney,Brian Friel,"Friel, Brian",,"=""0822215322""","=""9780822215325""",5,3.86,"Dramatists Play Service, Inc.",Paperback,72,1998,1994,2009/03/01,2009/09/30,,,read,,,,1,0
126985,All That Is Solid Melts Into Air: The Experience of Modernity,Marshall Berman,"Berman, Marshall",,"=""""","=""""",5,4.30,Penguin Books Ltd,Paperback,400,1988,1982,2009/09/09,2008/02/08,,,read,,,,1,0
61504,The Story of Art: Pocket Edition,E.H. Gombrich,"Gombrich, E.H.",,"=""0714847038""","=""9780714847030""",2,3.96,Phaidon,Paperback,1046,2006,1950,2008/09/09,2008/08/13,,,read,,,,1,0
784151,Chaos: A Very Short Introduction,Leonard A. Smith,"Smith, Leonard A.",,"=""0192853783""","=""9780192853783""",2,3.32,"Oxford University Press, USA",Paperback,180,2007,2007,2007/09/01,2007/11/03,,,read,,,,1,0
9594,Timequake,Kurt Vonnegut Jr.,"Jr., Kurt Vonnegut",,"=""0099267543""","=""9780099267546""",4,3.72,Vintage Books,Paperback,219,1998,1997,2005/08/01,2008/09/04,,,read,,,,1,0
4980,Breakfast of Champions,Kurt Vonnegut Jr.,"Jr., Kurt Vonnegut",,"=""0385334206""","=""9780385334204""",4,4.07,Dell Publishing,Paperback,303,1999,1973,2007/03/01,2008/09/04,,,read,,,,1,0
9593,Galápagos,Kurt Vonnegut Jr.,"Jr., Kurt Vonnegut",,"=""0385333870""","=""9780385333870""",4,3.87,Dial Press Trade Paperback,Paperback,324,1999,1985,2005/08/01,2008/09/04,,,read,,,,1,0
9592,Mother Night,Kurt Vonnegut Jr.,"Jr., Kurt Vonnegut",,"=""0385334141""","=""9780385334143""",4,4.22,Dial Press,Paperback,282,1999,1961,2004/08/01,2008/09/04,,,read,,,,1,0
17876,"Notes from Underground, White Nights, The Dream of a Ridiculous Man, and Selections from The House of the Dead",Fyodor Dostoevsky,"Dostoevsky, Fyodor","Andrew R. MacAndrew, Ben Marcus","=""0451529553""","=""9780451529558""",5,4.18,Signet,Mass Market Paperback,233,2004,1864,2008/07/28,2008/07/20,,,read,,,,1,0
217549,From Molecule to Metaphor: A Neural Theory of Language (MIT Press),Jerome A. Feldman,"Feldman, Jerome A.",,"=""0262062534""","=""9780262062534""",2,3.81,A Bradford Book,Hardcover,384,2006,2006,2008/02/07,2007/11/03,,,read,,,,1,0
74644,Art History: A Very Short Introduction,Dana Arnold,"Arnold, Dana",,"=""0192801813""","=""9781488276884""",3,3.44,"Oxford University Press, USA",Paperback,144,2004,2004,2008/06/19,2008/06/10,,,read,,,,1,0
4934,The Brothers Karamazov,Fyodor Dostoevsky,"Dostoevsky, Fyodor","Richard Pevear, Larissa Volokhonsky, Borut Kraševec, Ива Николова","=""""","=""""",5,4.36,"Farrar, Straus and Giroux",Paperback,796,2002,1880,2008/06/03,2008/03/13,,,read,,,,1,0
287804,The Present Age,Søren Kierkegaard,"Kierkegaard, Søren",Alexander Dru,"=""0061300942""","=""9780061300943""",0,4.05,Harper Torchbooks,Paperback,108,1962,1846,,2008/02/08,to-read,to-read (#2),to-read,,,,0,0
24965,Fear and Trembling (Penguin Great Ideas),Søren Kierkegaard,"Kierkegaard, Søren",Alastair Hannay,"=""0143037579""","=""9780143037576""",5,4.00,Penguin Books,Paperback,152,2006,1843,2008/03/13,2008/01/24,,,read,,,,1,0
50453,Hot Water Music,Charles Bukowski,"Bukowski, Charles",,"=""0876855966""","=""9780876855966""",3,3.89,Black Sparrow Press,Paperback,221,1984,1983,2002/08/01,2007/11/25,,,read,,,,1,0
18281,Introduction to Phenomenology,Robert Sokolowski,"Sokolowski, Robert",,"=""0521667925""","=""9780521667920""",4,4.01,Cambridge University Press,Paperback,248,1999,1999,2005/10/01,2007/11/10,,,read,,,,1,0
262118,The Real Life of Sebastian Knight,Vladimir Nabokov,"Nabokov, Vladimir",,"=""0679727264""","=""9780679727262""",3,3.94,Vintage,Paperback,203,1992,1941,2005/08/01,2007/11/10,,,read,,,,1,0
100049,Quantum Theory: A Very Short Introduction,John C. Polkinghorne,"Polkinghorne, John C.",,"=""0192802526""","=""9780192802521""",4,3.75,Oxford University Press,Paperback,113,2002,2002,2007/04/01,2007/11/03,,,read,,,,1,0
606199,On the Internet (Thinking in Action),Hurbert L Dreyfus,"Dreyfus, Hurbert L",,"=""0415228077""","=""9780415228077""",5,3.64,Routledge,Paperback,144,2001,2001,2007/09/01,2007/11/03,,,read,,,,1,0
204015,Introducing Postmodernism,Richard Appignanesi,"Appignanesi, Richard","Chris Garratt, Ziauddin Sardar, Patrick Curry","=""1840465751""","=""9781840465754""",4,3.50,Icon Books Ltd,Paperback,176,2004,1995,2007/05/01,2007/11/03,,,read,,,,1,0
796506,What Computers Still Can't Do: A Critique of Artificial Reason,Hubert L. Dreyfus,"Dreyfus, Hubert L.",,"=""0262540673""","=""9780262540674""",5,4.18,The MIT Press,Paperback,429,1992,1972,2007/08/01,2007/11/03,,,read,,,,1,0
601299,Don Quixote,Miguel de Cervantes Saavedra,"Saavedra, Miguel de Cervantes","Stephen F. Boyd, P.A. Motteux","=""""","=""""",0,3.89,Wordsworth Editions Ltd,Paperback,765,1997,1605,,2007/11/03,to-read,to-read (#1),to-read,,,,0,0
386411,Cat's Cradle,Kurt Vonnegut Jr.,"Jr., Kurt Vonnegut",,"=""038533348X""","=""9780385333481""",4,4.16,Dial Press,Paperback,287,1998,1963,2006/03/01,2007/11/03,,,read,,,,1,0
